step,batch_loss
1,0.5980112
2,0.45994803
3,0.38996646
4,0.37052685
5,0.31687105
6,0.24848473
7,0.32699546
8,0.23947616
9,0.27522475
10,0.20297027
11,0.1540616
12,0.32296717
13,0.18498014
14,0.22019412
15,0.21296015
16,0.16135526
17,0.20880796
18,0.2534654
19,0.09589311
20,0.12468031
21,0.06233282
22,0.07401604
23,0.11362897
24,0.05531997
25,0.0404019
26,0.22957739
27,0.21570608
28,0.041805085
29,0.07029611
30,0.15167779
31,0.11135828
32,0.099150114
33,0.16230665
34,0.073630616
35,0.10649373
36,0.052001208
37,0.14542256
38,0.05442836
39,0.08551959
40,0.047020767
41,0.040143635
42,0.111136496
43,0.053796653
44,0.12552968
45,0.023174355
46,0.09312169
47,0.057397198
48,0.06830114
49,0.09739387
50,0.14930363
51,0.22570963
52,0.06784267
53,0.13854554
54,0.122837394
55,0.06322283
56,0.04709029
57,0.07999936
58,0.07101721
59,0.06553728
60,0.105886094
61,0.03413902
62,0.046423376
63,0.12836345
64,0.04898299
65,0.100933895
66,0.072501324
67,0.054156665
68,0.08124641
69,0.10063388
70,0.068942375
71,0.12296898
72,0.27100927
73,0.044031173
74,0.09707782
75,0.010131002
76,0.052483827
77,0.023008713
78,0.13404606
79,0.05419263
80,0.056395344
81,0.020175599
82,0.013197619
83,0.06687629
84,0.016172022
85,0.08702259
86,0.03061676
87,0.07181458
88,0.106961966
89,0.045546856
90,0.10298631
91,0.17080471
92,0.06786203
93,0.033863228
94,0.0156699
95,0.06187959
96,0.019667903
97,0.02639039
98,0.043745954
99,0.026556106
100,0.026679272
101,0.036321525
102,0.21291304
103,0.12635659
1,0.019259898
2,0.061675787
3,0.07949058
4,0.040025003
5,0.05068038
6,0.0470781
7,0.03709966
8,0.026283195
9,0.07540546
10,0.01121836
11,0.085014775
12,0.052481256
13,0.010693715
14,0.036361758
15,0.039549
16,0.06848013
17,0.081594825
18,0.03751866
19,0.021637693
20,0.116548814
21,0.056313206
22,0.05224966
23,0.012293661
24,0.021711437
25,0.0603223
26,0.02143063
27,0.13149604
28,0.08054061
29,0.017372139
30,0.002774761
31,0.081662156
32,0.15149316
33,0.017970929
34,0.073676825
35,0.048966203
36,0.08541938
37,0.04123972
38,0.005495316
39,0.021191563
40,0.018016756
41,0.037439384
42,0.051710952
43,0.05296962
44,0.016534625
45,0.042007774
46,0.011343446
47,0.06726412
48,0.0011891187
49,0.04018636
50,0.06685533
51,0.006349792
52,0.021992331
53,0.11775747
54,0.1623952
55,0.03884703
56,0.10582203
57,0.061443303
58,0.04144834
59,0.024692092
60,0.0483765
61,0.044619456
62,0.052376155
63,0.017491994
64,0.0020584264
65,0.0068608844
66,0.019491242
67,0.08604323
68,0.09531132
69,0.121797435
70,0.050834466
71,0.037680317
72,0.013301985
73,0.014373373
74,0.018059617
75,0.036054242
76,0.03049177
77,0.10454934
78,0.021216914
79,0.022320785
80,0.0036145172
81,0.02201042
82,0.013895769
83,0.048911612
84,0.067161575
85,0.03771152
86,0.04572808
87,0.111899324
88,0.021401543
89,0.022877485
90,0.115165606
91,0.15714847
92,0.08295402
93,0.019560859
94,0.07050945
95,0.019055668
96,0.059949193
97,0.12806372
98,0.04129502
99,0.033174723
100,0.014048948
101,0.027117927
102,0.045416027
103,0.00147823
1,0.0012728743
2,0.032959215
3,0.04150254
4,0.04310641
5,0.043386344
6,0.012200237
7,0.01890439
8,0.02199013
9,0.036159974
10,0.07814958
11,0.028137483
12,0.09049872
13,0.040370334
14,0.064597
15,0.025169266
16,0.083647445
17,0.115299955
18,0.046672165
19,0.1046027
20,0.010914183
21,0.017365206
22,0.03346781
23,0.10873975
24,0.05892551
25,0.0022215068
26,0.07976638
27,0.0072105043
28,0.075291485
29,0.10349631
30,0.05184504
31,0.052322716
32,0.0030456115
33,0.012668782
34,0.037157647
35,0.05625038
36,0.0994715
37,0.017019441
38,0.011314879
39,0.08347468
40,0.02040064
41,0.021940459
42,0.0067963907
43,0.013214038
44,0.054948587
45,0.036693115
46,0.015068724
47,0.060770508
48,0.027610734
49,0.03776667
50,0.059079837
51,0.09099549
52,0.02306635
53,0.046077896
54,0.012615393
55,0.014042789
56,0.026307141
57,0.01743905
58,0.011422156
59,0.026682107
60,0.042779963
61,0.008460198
62,0.010026854
63,0.03753674
64,0.0386203
65,0.0073526655
66,0.029451784
67,0.0234723
68,0.0029008628
69,0.02620152
70,0.08957399
71,0.03619821
72,0.016018437
73,0.016814487
74,0.057109326
75,0.030455409
76,0.032787047
77,0.026336957
78,0.0053376076
79,0.059966616
80,0.018193139
81,0.038733944
82,0.063270964
83,0.11078057
84,0.064656
85,0.0072361287
86,0.0319807
87,0.019926233
88,0.017152715
89,0.055510078
90,0.040255126
91,0.012656096
92,0.037539512
93,0.02132022
94,0.11486236
95,0.05378928
96,0.0030429482
97,0.038179785
98,0.059577864
99,0.1694332
100,0.014284242
101,0.026690861
102,0.023050807
103,0.0012333757
1,0.011203751
2,0.010472315
3,0.015533094
4,0.024427008
5,0.0123341195
6,0.010516263
7,0.009251689
8,0.0016044969
9,0.07560683
10,0.10539955
11,0.02625557
12,0.030239617
13,0.06075529
14,0.09576691
15,0.02654385
16,0.101715244
17,0.026142567
18,0.022051902
19,0.025221992
20,0.042669747
21,0.00894395
22,0.019506922
23,0.009527665
24,0.021694925
25,0.01794343
26,0.03963352
27,0.025163349
28,0.02896445
29,0.026318379
30,0.02694403
31,0.03374644
32,0.020962697
33,0.019640591
34,0.048668068
35,0.0142939
36,0.03438678
37,0.03535369
38,0.0055728024
39,0.01902782
40,0.011403412
41,0.0642013
42,0.08787743
43,0.06832476
44,0.006698042
45,0.039574888
46,0.05663162
47,0.008867937
48,0.042227518
49,0.10122845
50,0.012165024
51,0.06514094
52,0.026454555
53,0.07958546
54,0.011017157
55,0.039828666
56,0.117493056
57,0.051984105
58,0.018226499
59,0.012621434
60,0.05789392
61,0.023186566
62,0.027823512
63,0.015446411
64,0.15543787
65,0.0032595887
66,0.011571673
67,0.06644761
68,0.017860861
69,0.026213195
70,0.05259985
71,0.005644371
72,0.0026234468
73,0.046122927
74,0.027643286
75,0.020435235
76,0.011408137
77,0.0179361
78,0.037275776
79,0.033695653
80,0.0028812198
81,0.03923384
82,0.02470558
83,0.03670917
84,0.03709921
85,0.014648388
86,0.016933234
87,0.011080508
88,0.019278493
89,0.038659234
90,0.021060728
91,0.0015371769
92,0.009472184
93,0.020327343
94,0.028228506
95,0.025144866
96,0.07646711
97,0.027797733
98,0.036493383
99,0.040411428
100,0.08749765
101,0.037801836
102,0.07869657
103,0.045770656
1,0.040487677
2,0.036870863
3,0.062979095
4,0.014013474
5,0.047102008
6,0.008082283
7,0.036835738
8,0.04217555
9,0.017238235
10,0.11507595
11,0.04042587
12,0.045437038
13,0.02566166
14,0.0010411823
15,0.07937404
16,0.04255101
17,0.02974657
18,0.025625171
19,0.008404744
20,0.03362592
21,0.010628422
22,0.018400267
23,0.019770926
24,0.08884688
25,0.068760775
26,0.026693597
27,0.031449903
28,0.044383768
29,0.027612451
30,0.0017206349
31,0.028313749
32,0.029811673
33,0.025224892
34,0.014324648
35,0.009793416
36,0.0009251809
37,0.03207551
38,0.038236555
39,0.0009358567
40,0.03063998
41,0.0027136104
42,0.046399295
43,0.04327538
44,0.08098145
45,0.02779897
46,0.032174934
47,0.038893733
48,0.011093873
49,0.030122973
50,0.0350725
51,0.04917687
52,0.01739537
53,0.014129484
54,0.008529688
55,0.06554724
56,0.011301826
57,0.06047106
58,0.022834616
59,0.01811938
60,0.018939996
61,0.07487253
62,0.0140581215
63,0.016902829
64,0.009055731
65,0.04345466
66,0.009814467
67,0.019642306
68,0.06565124
69,0.025591874
70,0.007456842
71,0.022278266
72,0.054567255
73,0.03049695
74,0.046165965
75,0.010046317
76,0.037464023
77,0.00080406497
78,0.021368066
79,0.021262672
80,0.02259646
81,0.029625092
82,0.027785867
83,0.021535126
84,0.02771667
85,0.03734359
86,0.041238822
87,0.020966565
88,0.010850014
89,0.0045869234
90,0.020306986
91,0.017536439
92,0.053288322
93,0.035564534
94,0.007858074
95,0.08772647
96,0.015280518
97,0.015845055
98,0.001181795
99,0.041966613
100,0.003855267
101,0.05483149
102,0.012938582
103,0.0010588518
1,0.051918913
2,0.03840208
3,0.007293899
4,0.013806795
5,0.06040382
6,0.0066595622
7,0.007096991
8,0.0052950457
9,0.012750565
10,0.057907615
11,0.015762426
12,0.013982079
13,0.021514174
14,0.011768172
15,0.010816431
16,0.037763402
17,0.031106874
18,0.015158651
19,0.015419361
20,0.024380617
21,0.011016193
22,0.06393792
23,0.020006191
24,0.079801135
25,0.025243133
26,0.011824269
27,0.019102318
28,0.038491454
29,0.011848179
30,0.023176443
31,0.0112348655
32,0.039319634
33,0.0014241695
34,0.0174006
35,0.021442456
36,0.035072032
37,0.042229157
38,0.01883557
39,0.030517802
40,0.019364947
41,0.008189131
42,0.03764835
43,0.031037755
44,0.029739628
45,0.021919783
46,0.014799257
47,0.012450272
48,0.016146773
49,0.015222221
50,0.02369149
51,0.051236056
52,0.0040329043
53,0.024823984
54,0.01424576
55,0.040337786
56,0.0338638
57,0.017554382
58,0.038320087
59,0.021787563
60,0.0684278
61,0.075470604
62,0.0068713794
63,0.0135443965
64,0.028755525
65,0.006503497
66,0.032056633
67,0.05091654
68,0.06650385
69,0.00094330014
70,0.022217968
71,0.018600522
72,0.026677659
73,0.06839738
74,0.028555898
75,0.010227079
76,0.0070004514
77,0.00985666
78,0.013434997
79,0.039518572
80,0.02194507
81,0.025108457
82,0.035637777
83,0.027616778
84,0.0048039323
85,0.02926511
86,0.023620049
87,0.016773462
88,0.024352424
89,0.029701402
90,0.033321984
91,0.028305996
92,0.03946067
93,0.015611332
94,0.013142616
95,0.053781144
96,0.042721324
97,0.012616233
98,0.0015564794
99,0.055428527
100,0.030216401
101,0.009924432
102,0.042269904
103,0.00073878263
1,0.011823262
2,0.02180135
3,0.04924419
4,0.008973017
5,0.02136021
6,0.0042461045
7,0.040478524
8,0.057052895
9,0.0008827128
10,0.026001282
11,0.009327596
12,0.04711271
13,0.007621302
14,0.018941326
15,0.01515997
16,0.012274382
17,0.015589737
18,0.008449903
19,0.034188114
20,0.0006411801
21,0.05007859
22,0.0277449
23,0.016275402
24,0.022615714
25,0.009701217
26,0.045205083
27,0.013491822
28,0.013374657
29,0.022833334
30,0.026503429
31,0.021295618
32,0.010273545
33,0.035926733
34,0.013687632
35,0.017023144
36,0.01816653
37,0.042678718
38,0.028989406
39,0.036991864
40,0.026849935
41,0.03448105
42,0.0060637956
43,0.011968897
44,0.038924858
45,0.02500791
46,0.012417013
47,0.047686197
48,0.01917065
49,0.015108373
50,0.047545973
51,0.0021692135
52,0.0018324809
53,0.0268292
54,0.017434675
55,0.0060912184
56,0.053486858
57,0.001213111
58,0.015189889
59,0.053928196
60,0.015446942
61,0.03489424
62,0.014997696
63,0.045010086
64,0.010698621
65,0.0014110706
66,0.024315003
67,0.021626988
68,0.036602825
69,0.014547427
70,0.030064309
71,0.031992063
72,0.021783754
73,0.04577261
74,0.016435288
75,0.023528077
76,0.027335046
77,0.025749533
78,0.0067081098
79,0.017838856
80,0.0144767165
81,0.010126751
82,0.030856092
83,0.026232494
84,0.022220084
85,0.0325325
86,0.018874157
87,0.040410634
88,0.019937102
89,0.06477785
90,0.011966982
91,0.022977652
92,0.025565375
93,0.033254568
94,0.007629882
95,0.0157023
96,0.0062343716
97,0.04956348
98,0.014923479
99,0.013403987
100,0.021406336
101,0.013983449
102,0.07662884
103,0.01568581
1,0.018289676
2,0.042207744
3,0.01242101
4,0.07543996
5,0.010052139
6,0.0058699087
7,0.04334689
8,0.0051122503
9,0.011388544
10,0.026939519
11,0.011280288
12,0.027354805
13,0.009001375
14,0.04016588
15,0.03217938
16,0.072387315
17,0.015578384
18,0.02156555
19,0.027417436
20,0.033696704
21,0.01831141
22,0.01887512
23,0.01930393
24,0.03795776
25,0.018265737
26,0.023711802
27,0.030471418
28,0.021812513
29,0.012735626
30,0.038586408
31,0.0127399
32,0.02694245
33,0.018471422
34,0.009919421
35,0.042178683
36,0.013885395
37,0.02011252
38,0.010539486
39,0.031385086
40,0.030960413
41,0.0063460968
42,0.037742294
43,0.015998865
44,0.0080849435
45,0.013836466
46,0.0041815573
47,0.019258559
48,0.035180748
49,0.016137017
50,0.04232551
51,0.007306823
52,0.015351163
53,0.008926614
54,0.019184064
55,0.007965041
56,0.025048725
57,0.034317743
58,0.0010200139
59,0.032925457
60,0.043283373
61,0.012255898
62,0.01250782
63,0.0196108
64,0.010652324
65,0.0063848738
66,0.013664355
67,0.015486369
68,0.01039411
69,0.014794632
70,0.023658473
71,0.046112306
72,0.0009869895
73,0.020164706
74,0.013117235
75,0.02253871
76,0.03871781
77,0.015875168
78,0.011324022
79,0.0047037005
80,0.000835127
81,0.0040913126
82,0.008175475
83,0.0004901908
84,0.013406166
85,0.01065894
86,0.013637251
87,0.03523898
88,0.014025461
89,0.012507652
90,0.013579729
91,0.00062132755
92,0.034350537
93,0.027521832
94,0.031127254
95,0.016799467
96,0.02468696
97,0.015871655
98,0.005589827
99,0.037133895
100,0.041048877
101,0.013479097
102,0.022928664
103,0.00685406
1,0.014423374
2,0.02445665
3,0.004942195
4,0.024117883
5,0.013599525
6,0.020625755
7,0.0074924664
8,0.0012098423
9,0.0063648704
10,0.008795866
11,0.015218766
12,0.01309517
13,0.0066230446
14,0.035143457
15,0.02862317
16,0.013983975
17,0.02844382
18,0.02026838
19,0.028791612
20,0.016950296
21,0.005108038
22,0.017009027
23,0.036563933
24,0.013030417
25,0.024484048
26,0.021234086
27,0.010620317
28,0.020811388
29,0.044593506
30,0.00817191
31,0.020948036
32,0.0056815697
33,0.017095875
34,0.027160652
35,0.017700948
36,0.034277778
37,0.011200997
38,0.011191318
39,0.009144035
40,0.0056104306
41,0.018360727
42,0.018520407
43,0.028622137
44,0.018643465
45,0.013879357
46,0.01716876
47,0.019881064
48,0.020678792
49,0.018401532
50,0.032101274
51,0.013961529
52,0.01293639
53,0.021837838
54,0.013806298
55,0.004446331
56,0.015338969
57,0.0069363597
58,0.012880071
59,0.0066893226
60,0.02061685
61,0.0007383737
62,0.0056110504
63,0.01706818
64,0.0062449565
65,0.01103852
66,0.033952836
67,0.024449354
68,0.016898476
69,0.02726626
70,0.025776885
71,0.0069881277
72,0.024576114
73,0.008226315
74,0.0134657305
75,0.020244217
76,0.019783707
77,0.010893352
78,0.03625961
79,0.028624259
80,0.030116238
81,0.016093455
82,0.008766035
83,0.004499396
84,0.0331922
85,0.016556298
86,0.0074014002
87,0.04824713
88,0.035507064
89,0.027958294
90,0.01776292
91,0.025518376
92,0.009322274
93,0.030776618
94,0.01580657
95,0.017026352
96,0.032702718
97,0.007062615
98,0.01835934
99,0.06401937
100,0.022784881
101,0.022269854
102,0.027458394
103,0.004486393
1,0.04497851
2,0.0020537672
3,0.015328076
4,0.0024983545
5,0.02039907
6,0.012168944
7,0.01616059
8,0.02918119
9,0.013783881
10,0.001199166
11,0.018687721
12,0.016075773
13,0.0022289727
14,0.017193202
15,0.013404846
16,0.0121928705
17,0.007000576
18,0.023163855
19,0.028519768
20,0.014472123
21,0.01734795
22,0.018168315
23,0.029965414
24,0.024782186
25,0.019786488
26,0.015558345
27,0.012376954
28,0.009813704
29,0.0058681564
30,0.010348473
31,0.0037495014
32,0.01648484
33,0.032025345
34,0.020943241
35,0.026045384
36,0.021382483
37,0.0009593711
38,0.01144165
39,0.031408653
40,0.030318294
41,0.0008365924
42,0.026584685
43,0.01528758
44,0.014623455
45,0.0131382225
46,0.033380084
47,0.024785493
48,0.015687203
49,0.010951514
50,0.015151089
51,0.015843425
52,0.009938387
53,0.014315258
54,0.044474978
55,0.03103861
56,0.0129364515
57,0.015241112
58,0.011634562
59,0.0217237
60,0.016415637
61,0.0015868349
62,0.031915694
63,0.004010878
64,0.006973466
65,0.029480878
66,0.027928453
67,0.0143599855
68,0.0027673321
69,0.01508959
70,0.01385701
71,0.011585503
72,0.014969515
73,0.008064796
74,0.025999157
75,0.009905012
76,0.007735888
77,0.016286997
78,0.024048468
79,0.029759012
80,0.008369749
81,0.016800862
82,0.0074067693
83,0.010792334
84,0.016171679
85,0.021513356
86,0.019527927
87,0.022976011
88,0.01850322
89,0.01707254
90,0.016805472
91,0.014946387
92,0.005485354
93,0.0013611561
94,0.031872425
95,0.007509307
96,0.00914869
97,0.017492177
98,0.013677539
99,0.0207656
100,0.01101738
101,0.055689465
102,0.003338797
103,0.008594636
1,0.014747267
2,0.012267668
3,0.016909838
4,0.019598115
5,0.023090575
6,0.006730661
7,0.01865593
8,0.009963375
9,0.007988731
10,0.01277005
11,0.0037416723
12,0.0016585068
13,0.008720232
14,0.01958152
15,0.016771128
16,0.014595364
17,0.016524196
18,0.011291582
19,0.022377532
20,0.015682325
21,0.038593665
22,0.007827416
23,0.0021556935
24,0.027749369
25,0.015804093
26,0.011610402
27,0.012144761
28,0.0046984493
29,0.01661537
30,0.017542109
31,0.031220414
32,0.019888539
33,0.0063428255
34,0.02074568
35,0.027330335
36,0.013225861
37,0.006117135
38,0.014165189
39,0.011606197
40,0.0059368582
41,0.005406989
42,0.009143334
43,0.024533851
44,0.03665895
45,0.0058093136
46,0.007875119
47,0.004923863
48,0.026762247
49,0.0239281
50,0.01496315
51,0.014369184
52,0.004382129
53,0.023827363
54,0.039557084
55,0.0070218486
56,0.008850547
57,0.018437477
58,0.011619217
59,0.004659558
60,0.016999219
61,0.035198458
62,0.0018035099
63,0.0012317458
64,0.02003134
65,0.0061905696
66,0.0127760675
67,0.020892132
68,0.0060106567
69,0.0073296526
70,0.030276695
71,0.009022668
72,0.016622199
73,0.0005884509
74,0.013220602
75,0.007816902
76,0.0072282236
77,0.008841222
78,0.0027652422
79,0.0051169656
80,0.006158878
81,0.023974566
82,0.011355119
83,0.013183698
84,0.0061688055
85,0.02968006
86,0.012234269
87,0.012962835
88,0.014304362
89,0.034206867
90,0.016665086
91,0.009923087
92,0.028504409
93,0.016363643
94,0.015021165
95,0.011255191
96,0.010625892
97,0.020933574
98,0.038039315
99,0.010015166
100,0.026197523
101,0.027045276
102,0.019555204
103,0.0015056984
1,0.001591704
2,0.027525237
3,0.013606238
4,0.0055120154
5,0.0070051127
6,0.0180392
7,0.015446406
8,0.025026541
9,0.010574261
10,0.015164055
11,0.009386023
12,0.014121919
13,0.004718643
14,0.013842507
15,0.007106388
16,0.017766185
17,0.012742925
18,0.004027579
19,0.013010857
20,0.0066302065
21,0.024375495
22,0.015877957
23,0.011003004
24,0.008580444
25,0.00714917
26,0.010077059
27,0.022528293
28,0.016769737
29,0.008356922
30,0.0112414
31,0.0068179057
32,0.012417651
33,0.023132486
34,0.036321927
35,0.018953077
36,0.0050524557
37,0.020337254
38,0.007866578
39,0.026303662
40,0.017213233
41,0.008302516
42,0.0017006177
43,0.0064041344
44,0.009746432
45,0.015594777
46,0.034110323
47,0.023541078
48,0.028783102
49,0.034577288
50,0.018275157
51,0.020618334
52,0.019080378
53,0.017821575
54,0.0035372667
55,0.017209742
56,0.008737151
57,0.010612475
58,0.0057474687
59,0.0052507073
60,0.017461823
61,0.012039826
62,0.013103949
63,0.0037431687
64,0.031323552
65,0.014999539
66,0.01895676
67,0.018585686
68,0.0027088393
69,0.0060972394
70,0.014270921
71,0.0074404
72,0.029560937
73,0.027259206
74,0.0040615518
75,0.017822992
76,0.011651184
77,0.014797501
78,0.0070413128
79,0.020072177
80,0.0064116823
81,0.012655197
82,0.019508965
83,0.009630005
84,0.005897678
85,0.0150161795
86,0.012601115
87,0.018824978
88,0.0270933
89,0.0096339155
90,0.015755538
91,0.012092473
92,0.0058450876
93,0.013447424
94,0.0077837687
95,0.006319784
96,0.01660341
97,0.012841171
98,0.014309861
99,0.012547458
100,0.010411994
101,0.016274372
102,0.001671193
103,0.018390553
1,0.010369376
2,0.015596286
3,0.015164729
4,0.0073543144
5,0.00890728
6,0.006593618
7,0.008314309
8,0.018131338
9,0.0051025264
10,0.018672928
11,0.015088237
12,0.014203178
13,0.02165447
14,0.01939516
15,0.018450625
16,0.0059405053
17,0.0028710042
18,0.011557326
19,0.013328407
20,0.009375645
21,0.00064523425
22,0.0085567385
23,0.0061566797
24,0.015007063
25,0.008451331
26,0.0070096664
27,0.018404454
28,0.014600451
29,0.02292123
30,0.010736772
31,0.01508286
32,0.01413389
33,0.013823556
34,0.0026283015
35,0.0149074895
36,0.010906928
37,0.005800088
38,0.011694992
39,0.0012101429
40,0.008660379
41,0.0051960056
42,0.0116854785
43,0.030585159
44,0.020957194
45,0.017577307
46,0.01870872
47,0.003187132
48,0.0011796501
49,0.0016538843
50,0.012006108
51,0.0055168294
52,0.015196058
53,0.0043097935
54,0.012360425
55,0.022920385
56,0.0065850806
57,0.0050170245
58,0.017097866
59,0.006727382
60,0.012377923
61,0.007673161
62,0.009821006
63,0.007889312
64,0.0064787287
65,0.014192055
66,0.007592937
67,0.014127142
68,0.011792233
69,0.017006408
70,0.008547062
71,0.016567089
72,0.033023696
73,0.018933587
74,0.039527673
75,0.007047101
76,0.0039431574
77,0.009281689
78,0.0072244178
79,0.0103006605
80,0.020110374
81,0.018962404
82,0.00407656
83,0.008536139
84,0.0149416225
85,0.019282367
86,0.021800697
87,0.012834224
88,0.012553359
89,0.010185649
90,0.007994354
91,0.0053815856
92,0.013770972
93,0.018444987
94,0.019874547
95,0.003471708
96,0.010761982
97,0.011983132
98,0.016014496
99,0.017286273
100,0.017244248
101,0.02183256
102,0.014603396
103,0.03299075
1,0.017736502
2,0.006444296
3,0.007243316
4,0.0059011206
5,0.019315794
6,0.00829571
7,0.013417944
8,0.016053528
9,0.009342445
10,0.016119257
11,0.004451337
12,0.009080756
13,0.016281383
14,0.011066382
15,0.022110157
16,0.008684907
17,0.011416125
18,0.0006984466
19,0.015823446
20,0.012772971
21,0.006903112
22,0.016000248
23,0.016457777
24,0.0042924103
25,0.005040228
26,0.005096247
27,0.022684867
28,0.02060394
29,0.011352241
30,0.01190529
31,0.017739022
32,0.014945636
33,0.02403963
34,0.009486646
35,0.009294131
36,0.028083747
37,0.0053092577
38,0.011509107
39,0.01611554
40,0.009343406
41,0.007665399
42,0.0037886726
43,0.011067391
44,0.000951896
45,0.00951714
46,0.015658638
47,0.0108548645
48,0.0058385707
49,0.0055419537
50,0.0014662241
51,0.012941967
52,0.021336347
53,0.0070880377
54,0.01499159
55,0.00075614057
56,0.011194531
57,0.010463457
58,0.008483545
59,0.013613558
60,0.011716163
61,0.013430207
62,0.014451806
63,0.010133927
64,0.022460092
65,0.024043797
66,0.006410569
67,0.014870447
68,0.012222457
69,0.008552217
70,0.0008684184
71,0.019479066
72,0.009554537
73,0.0057599326
74,0.011957966
75,0.010306679
76,0.0077731377
77,0.017662292
78,0.020005453
79,0.005738695
80,0.012734576
81,0.009910363
82,0.0057198643
83,0.009626496
84,0.022519885
85,0.0069752936
86,0.0063243727
87,0.0281935
88,0.011388696
89,0.012646663
90,0.008783657
91,0.0014304604
92,0.009710645
93,0.008807305
94,0.010888904
95,0.001076745
96,0.011222912
97,0.0031212608
98,0.02150519
99,0.005463158
100,0.009925746
101,0.010352465
102,0.01613549
103,0.013600034
1,0.0058218627
2,0.015161355
3,0.011708359
4,0.00843417
5,0.0037610047
6,0.015039028
7,0.00310952
8,0.005938536
9,0.009484084
10,0.007503526
11,0.007782737
12,0.02054959
13,0.006887646
14,0.017264236
15,0.0062122205
16,0.023828954
17,0.011662629
18,0.008609828
19,0.0111662615
20,0.005837468
21,0.001351804
22,0.013596599
23,0.0042600734
24,0.013427723
25,0.0073428685
26,0.003187012
27,0.009567694
28,0.016532792
29,0.0213735
30,0.015934207
31,0.006304463
32,0.013462434
33,0.006362346
34,0.0059856004
35,0.0043531028
36,0.011535297
37,0.015028991
38,0.013740916
39,0.0013630971
40,0.008118988
41,0.0036472466
42,0.008138603
43,0.0043390403
44,0.016401187
45,0.016565232
46,0.00739403
47,0.013793465
48,0.0068176384
49,0.006524284
50,0.00579441
51,0.013608491
52,0.0068288385
53,0.011839337
54,0.013709805
55,0.0016288473
56,0.024523368
57,0.0031576278
58,0.0012113064
59,0.01654416
60,0.004574683
61,0.015132029
62,0.010708827
63,0.0036940675
64,0.016121553
65,0.008941779
66,0.012717643
67,0.0053204545
68,0.0070477272
69,0.006587833
70,0.019720372
71,0.0064359657
72,0.013746703
73,0.006892465
74,0.009599593
75,0.016014518
76,0.01436874
77,0.007929466
78,0.020374818
79,0.0050223
80,0.02109278
81,0.01145752
82,0.0046806987
83,0.011823967
84,0.006038243
85,0.010650085
86,0.0027308045
87,0.010030663
88,0.012774643
89,0.013708193
90,0.009578403
91,0.017431762
92,0.007120669
93,0.0076734642
94,0.011158006
95,0.011260297
96,0.0042716856
97,0.00876732
98,0.0045791557
99,0.015224334
100,0.010767042
101,0.0038718693
102,0.019272491
103,0.031680666
1,0.010064006
2,0.018232223
3,0.0121473875
4,0.0009240856
5,0.008106442
6,0.0134076765
7,0.008829277
8,0.0049027693
9,0.0071925665
10,0.008601348
11,0.004911126
12,0.009153219
13,0.018927107
14,0.017737795
15,0.010283391
16,0.009010887
17,0.008432968
18,0.006610983
19,0.0068860166
20,0.0070367553
21,0.002949128
22,0.009696435
23,0.021915767
24,0.012827254
25,0.012756726
26,0.0039759427
27,0.021419074
28,0.011464074
29,0.0050687725
30,0.004340266
31,0.0018810822
32,0.018416485
33,0.013593914
34,0.003501307
35,0.010679808
36,0.00743638
37,0.014558307
38,0.0167353
39,0.016740214
40,0.012025593
41,0.0034115445
42,0.012635076
43,0.003559971
44,0.021927414
45,0.013619615
46,0.009415191
47,0.0092897955
48,0.011841544
49,0.0059594424
50,0.009170328
51,0.002180741
52,0.008166578
53,0.0078032725
54,0.0040821675
55,0.005441341
56,0.010774256
57,0.014759025
58,0.008142891
59,0.007658981
60,0.004183547
61,0.0011116948
62,0.008655743
63,0.008637048
64,0.022194818
65,0.0067420034
66,0.008778639
67,0.0144101
68,0.013561069
69,0.0096780425
70,0.014839886
71,0.0077215224
72,0.003208283
73,0.014221498
74,0.022723027
75,0.01568472
76,0.008586764
77,0.005579017
78,0.016533418
79,0.00501436
80,0.0057728416
81,0.015719082
82,0.015406054
83,0.018051434
84,0.0027574103
85,0.0027163043
86,0.0010507136
87,0.023195937
88,0.004105386
89,0.012704971
90,0.005986229
91,0.0071778316
92,0.0071605295
93,0.0034284568
94,0.0065644956
95,0.008163035
96,0.017106215
97,0.008868179
98,0.004386907
99,0.0035037317
100,0.0041830516
101,0.010235811
102,0.010277401
103,0.026370391
1,0.009385868
2,0.007591894
3,0.014370108
4,0.007354323
5,0.0074639497
6,0.010401139
7,0.005909909
8,0.004923477
9,0.018822854
10,0.0054203747
11,0.006791686
12,0.008702747
13,0.01789763
14,0.0079185
15,0.026611883
16,0.002799886
17,0.0060415105
18,0.0041865213
19,0.009005289
20,0.008014193
21,0.0013106796
22,0.01044935
23,0.029550906
24,0.018312365
25,0.01565209
26,0.004376969
27,0.010705035
28,0.010840717
29,0.003985508
30,0.00693067
31,0.012770827
32,0.0039910194
33,0.0058402927
34,0.0093122255
35,0.0076897116
36,0.008917971
37,0.006090673
38,0.0077924617
39,0.011255711
40,0.01137654
41,0.009216797
42,0.00863913
43,0.0082585355
44,0.0049344767
45,0.008933248
46,0.007437076
47,0.015135055
48,0.014547004
49,0.019170672
50,0.008239054
51,0.013437295
52,0.004695731
53,0.0046921377
54,0.011892016
55,0.0028607603
56,0.005517199
57,0.009217151
58,0.005262285
59,0.007339375
60,0.004956591
61,0.00536739
62,0.009782003
63,0.012259333
64,0.008366617
65,0.0042065945
66,0.008370871
67,0.007939784
68,0.015766785
69,0.009321295
70,0.00476438
71,0.007852276
72,0.0043857563
73,0.0037480185
74,0.011920203
75,0.011011385
76,0.018005319
77,0.0033384718
78,0.010071883
79,0.0012939392
80,0.011928669
81,0.0032868742
82,0.01562026
83,0.011351801
84,0.0037203142
85,0.015288996
86,0.010982516
87,0.0072749853
88,0.0037293287
89,0.0027928439
90,0.009688423
91,0.011143986
92,0.015331058
93,0.01438315
94,0.013325808
95,0.0130877225
96,0.0077018165
97,0.0019593379
98,0.010256739
99,0.011235601
100,0.010924062
101,0.0013993202
102,0.0031709273
103,0.009959603
1,0.003991864
2,0.008195434
3,0.0049950024
4,0.027100554
5,0.009035189
6,0.009963647
7,0.010662047
8,0.009164239
9,0.007040372
10,0.011129809
11,0.0051728333
12,0.01409984
13,0.0076109446
14,0.005224154
15,0.009832027
16,0.007879057
17,0.0034703359
18,0.002838278
19,0.01126163
20,0.004856312
21,0.0056596273
22,0.012190577
23,0.00078423176
24,0.0017267896
25,0.005810029
26,0.012645786
27,0.0070410077
28,0.00084914605
29,0.012371516
30,0.0066557163
31,0.005557989
32,0.010219926
33,0.004040125
34,0.0067561236
35,0.004020315
36,0.0018997501
37,0.00380291
38,0.007881433
39,0.005600762
40,0.019943485
41,0.0013074803
42,0.008521836
43,0.0062242523
44,0.011042159
45,0.007704658
46,0.0033158709
47,0.0109991105
48,0.0077112094
49,0.013033775
50,0.011765283
51,0.009169019
52,0.009097752
53,0.0074380785
54,0.013812019
55,0.008842434
56,0.011684758
57,0.009641595
58,0.0047185575
59,0.01416071
60,0.019772192
61,0.0077617625
62,0.015908549
63,0.012271969
64,0.0075346036
65,0.0048493147
66,0.007335548
67,0.0117506785
68,0.00600094
69,0.008383026
70,0.010754219
71,0.0075412486
72,0.0121571785
73,0.006946123
74,0.009209127
75,0.008982193
76,0.00103282
77,0.009441539
78,0.0032045764
79,0.0042755296
80,0.015615601
81,0.005492077
82,0.0072973985
83,0.012184739
84,0.0009523097
85,0.010560001
86,0.010518303
87,0.013159317
88,0.011303628
89,0.017581424
90,0.019950308
91,0.0035020267
92,0.0044439426
93,0.0063951253
94,0.0065334444
95,0.0059257136
96,0.00921781
97,0.010104191
98,0.0026473196
99,0.01047167
100,0.010720807
101,0.00578228
102,0.0038903211
103,0.015919432
1,0.0059987786
2,0.0035767574
3,0.0044096564
4,0.0073012505
5,0.006992758
6,0.010396215
7,0.010571579
8,0.009994351
9,0.0047299364
10,0.011462213
11,0.004839486
12,0.010513239
13,0.0045633474
14,0.007256036
15,0.006278876
16,0.0061861863
17,0.0053830505
18,0.007827432
19,0.010655392
20,0.009244345
21,0.011944779
22,0.0023339961
23,0.010577819
24,0.0074282927
25,0.004682917
26,0.012733852
27,0.008588656
28,0.009465848
29,0.0037756553
30,0.005464747
31,0.008598172
32,0.0072050304
33,0.009717264
34,0.0058834855
35,0.0051636114
36,0.009941947
37,0.010048004
38,0.006510198
39,0.009208026
40,0.007064429
41,0.0068379394
42,0.012060318
43,0.0040189177
44,0.019971063
45,0.005084133
46,0.00785484
47,0.007001399
48,0.009253432
49,0.010784386
50,0.011831604
51,0.010459816
52,0.01346145
53,0.005151839
54,0.008121752
55,0.009320039
56,0.0022436252
57,0.005250983
58,0.008135118
59,0.0061335852
60,0.0055984063
61,0.005508541
62,0.008130069
63,0.0066913483
64,0.0025672594
65,0.0020634292
66,0.0071999817
67,0.005820764
68,0.0068141124
69,0.010020583
70,0.00827356
71,0.006048578
72,0.011187431
73,0.009257181
74,0.0027546496
75,0.0098010665
76,0.0064820633
77,0.002235409
78,0.012239539
79,0.004324628
80,0.0040901927
81,0.008448186
82,0.013645662
83,0.005011516
84,0.021296619
85,0.0063027143
86,0.006999817
87,0.012379084
88,0.01600613
89,0.005643831
90,0.010438781
91,0.006949813
92,0.004164574
93,0.010591529
94,0.004857103
95,0.013039026
96,0.0053743296
97,0.0013172354
98,0.011359508
99,0.007170629
100,0.011961217
101,0.015534739
102,0.0050385706
103,0.0006177176
1,0.002414346
2,0.0053403815
3,0.00065397
4,0.007121392
5,0.006992677
6,0.006912654
7,0.0051245876
8,0.0030792837
9,0.0022905266
10,0.011192663
11,0.004148213
12,0.0072730305
13,0.0040298104
14,0.007084615
15,0.014456563
16,0.0056316135
17,0.005065512
18,0.010844828
19,0.018799758
20,0.0023651235
21,0.0022435365
22,0.011222482
23,0.0102340095
24,0.010213609
25,0.0038856838
26,0.0073902337
27,0.011570349
28,0.0072548976
29,0.01066026
30,0.0118724
31,0.012961585
32,0.02554261
33,0.011379732
34,0.004784221
35,0.0059225364
36,0.0025184331
37,0.017042924
38,0.005805568
39,0.0023263954
40,0.0045929835
41,0.009433432
42,0.00543991
43,0.00698944
44,0.0058415653
45,0.008336856
46,0.00052283896
47,0.0047163586
48,0.014491564
49,0.008144729
50,0.010467204
51,0.015894007
52,0.0038402574
53,0.008080085
54,0.0045961016
55,0.0028395408
56,0.009148544
57,0.005208591
58,0.004502834
59,0.018420665
60,0.006797424
61,0.008372069
62,0.0042673857
63,0.010127653
64,0.0013530928
65,0.002874408
66,0.004432427
67,0.0024337275
68,0.007073341
69,0.006268853
70,0.0075358506
71,0.00787089
72,0.009438018
73,0.008120391
74,0.006402002
75,0.0035627862
76,0.006371594
77,0.010138053
78,0.0053466773
79,0.009068949
80,0.011253946
81,0.002687082
82,0.013890491
83,0.00136033
84,0.0052523334
85,0.009638597
86,0.008693809
87,0.008176924
88,0.00922756
89,0.008277086
90,0.0068616993
91,0.005215917
92,0.006462542
93,0.0034306115
94,0.011014113
95,0.011550278
96,0.005659638
97,0.00662962
98,0.0061940686
99,0.007615453
100,0.006295974
101,0.00713769
102,0.005472817
103,0.00085692626
1,0.0049114125
2,0.009112954
3,0.0037701554
4,0.004427062
5,0.003740947
6,0.0072974204
7,0.008482624
8,0.008460021
9,0.006678852
10,0.013090732
11,0.0065721218
12,0.010098551
13,0.0016695737
14,0.005793387
15,0.007408125
16,0.004545322
17,0.014997966
18,0.0047641615
19,0.00092580664
20,0.012189226
21,0.015055934
22,0.010120071
23,0.0061806133
24,0.0049991077
25,0.0070898593
26,0.0050388277
27,0.0027020467
28,0.0122521045
29,0.0072431266
30,0.0025525843
31,0.010886835
32,0.0064718244
33,0.0018504919
34,0.0077574514
35,0.0056223264
36,0.008230353
37,0.00055904815
38,0.0032579966
39,0.012562894
40,0.0076649403
41,0.0063606654
42,0.006216858
43,0.0055728327
44,0.009513624
45,0.005014525
46,0.003809698
47,0.01005101
48,0.0125972945
49,0.0008734475
50,0.004100302
51,0.0047018784
52,0.00870533
53,0.0077150324
54,0.008450285
55,0.007960738
56,0.009414991
57,0.0033403789
58,0.00413735
59,0.0072322306
60,0.0074673262
61,0.0064055026
62,0.0053163613
63,0.007906028
64,0.0031859057
65,0.0053261537
66,0.011881335
67,0.0072401734
68,0.0030499746
69,0.008564325
70,0.0009828822
71,0.005487274
72,0.007651515
73,0.0054976325
74,0.012333464
75,0.002784571
76,0.0072316546
77,0.0027385682
78,0.013737597
79,0.0064475564
80,0.014172273
81,0.0027004248
82,0.0053809797
83,0.00714188
84,0.0027520817
85,0.008683744
86,0.014723387
87,0.013401897
88,0.0063497107
89,0.007257739
90,0.010943417
91,0.011573826
92,0.007833207
93,0.0042084083
94,0.011525446
95,0.0032440869
96,0.009414883
97,0.0030042557
98,0.008322897
99,0.009986908
100,0.0049560526
101,0.0025292411
102,0.0049762465
103,0.0061466475
1,0.006157309
2,0.0029876102
3,0.0024698093
4,0.0005474932
5,0.004053885
6,0.003678178
7,0.00939659
8,0.007832155
9,0.009845585
10,0.00592332
11,0.0057946322
12,0.0070549794
13,0.006210691
14,0.008367207
15,0.009465129
16,0.009283551
17,0.011601201
18,0.010061333
19,0.0044413866
20,0.0034318778
21,0.0056009563
22,0.005332734
23,0.002319079
24,0.0043208515
25,0.0014902102
26,0.0017303331
27,0.0024630663
28,0.0040868595
29,0.004054355
30,0.00974689
31,0.008457832
32,0.0053674723
33,0.00896305
34,0.010201361
35,0.01116753
36,0.004250683
37,0.010326627
38,0.0021139376
39,0.0007736068
40,0.0072777905
41,0.016835647
42,0.003261013
43,0.008617143
44,0.006457801
45,0.0064269714
46,0.005937386
47,0.006078988
48,0.009705666
49,0.0045221415
50,0.0018938953
51,0.0045126765
52,0.008195264
53,0.00528325
54,0.016881634
55,0.0080827465
56,0.00977295
57,0.011207076
58,0.0043177637
59,0.0073138094
60,0.007855817
61,0.0059652263
62,0.010610569
63,0.0040372
64,0.0065609855
65,0.0104395915
66,0.0047202413
67,0.0076510035
68,0.0063384497
69,0.0143621545
70,0.0047748117
71,0.008092876
72,0.011638849
73,0.006216713
74,0.006126295
75,0.012959824
76,0.0037250686
77,0.010405175
78,0.009012904
79,0.0040291185
80,0.0012989294
81,0.0072567337
82,0.007922654
83,0.009027446
84,0.003452116
85,0.0030759014
86,0.007192835
87,0.012502724
88,0.002546846
89,0.003528332
90,0.006404288
91,0.005794676
92,0.0027090083
93,0.0059465957
94,0.008615028
95,0.008164105
96,0.0105425315
97,0.013222928
98,0.0050579603
99,0.010739478
100,0.0050766296
101,0.0036600302
102,0.008592759
103,0.0039851973
1,0.0068476596
2,0.0074052876
3,0.0025294821
4,0.0016867634
5,0.0010876906
6,0.0052879443
7,0.005963709
8,0.0033859417
9,0.012258257
10,0.0087194005
11,0.007562209
12,0.0025057108
13,0.0057420013
14,0.008375473
15,0.005124086
16,0.0048932075
17,0.00475629
18,0.0068333833
19,0.0057616583
20,0.005758278
21,0.009717738
22,0.0051365434
23,0.005298411
24,0.0053204554
25,0.016498128
26,0.0048223
27,0.008007493
28,0.008809667
29,0.008337647
30,0.0053594313
31,0.005946875
32,0.004151586
33,0.0079633575
34,0.001978377
35,0.004431462
36,0.007657463
37,0.0070834174
38,0.009589698
39,0.003614493
40,0.0043955077
41,0.0065197977
42,0.006254487
43,0.007088847
44,0.0116227865
45,0.004563939
46,0.0050833044
47,0.008178018
48,0.0007512332
49,0.011319388
50,0.00822462
51,0.010271327
52,0.013792577
53,0.00081615715
54,0.0026221112
55,0.002307416
56,0.0107617695
57,0.009036476
58,0.0039205602
59,0.011650644
60,0.0016156707
61,0.00561426
62,0.0042047044
63,0.0035398013
64,0.0045980816
65,0.010444548
66,0.011724172
67,0.0062870937
68,0.01158768
69,0.007399552
70,0.0023952734
71,0.00889281
72,0.006463368
73,0.00547536
74,0.006375641
75,0.002271643
76,0.0005839641
77,0.0026842966
78,0.009999062
79,0.0037921465
80,0.0066193794
81,0.005289657
82,0.015428642
83,0.0028226671
84,0.006434256
85,0.0034197995
86,0.0034207925
87,0.010372739
88,0.005037157
89,0.0022772492
90,0.010914641
91,0.0037490726
92,0.0071404777
93,0.004724108
94,0.0109714465
95,0.018068802
96,0.0016333828
97,0.006526066
98,0.010259285
99,0.015482878
100,0.012474591
101,0.0022050778
102,0.00392176
103,0.0015756167
1,0.0036515358
2,0.0050021117
3,0.005313253
4,0.0065071853
5,0.01003676
6,0.0061249956
7,0.0053125652
8,0.003997394
9,0.0061093685
10,0.008601821
11,0.0063818945
12,0.0039916984
13,0.004665032
14,0.008096748
15,0.0065424223
16,0.01333628
17,0.0045412444
18,0.0067062303
19,0.0036038067
20,0.010469006
21,0.003859149
22,0.0030129307
23,0.0021010092
24,0.0058069546
25,0.0041975784
26,0.0038779024
27,0.0053707003
28,0.0059550744
29,0.00634439
30,0.007404461
31,0.0005084373
32,0.007412116
33,0.017184887
34,0.007866993
35,0.008560625
36,0.0061464147
37,0.0023172847
38,0.0044561224
39,0.0066927024
40,0.002552783
41,0.01621815
42,0.0025267694
43,0.0047869757
44,0.0081738345
45,0.005594494
46,0.009095537
47,0.008687522
48,0.004741947
49,0.0057610245
50,0.009137857
51,0.0047300044
52,0.008198342
53,0.006277517
54,0.0062776487
55,0.012218688
56,0.00084567483
57,0.0054938076
58,0.0030548933
59,0.0032028407
60,0.004138873
61,0.0069052377
62,0.0073570083
63,0.0056598494
64,0.009265594
65,0.006087871
66,0.01643898
67,0.0008349377
68,0.013411659
69,0.0077231973
70,0.0066415053
71,0.0031958402
72,0.0045360494
73,0.010183809
74,0.0036259987
75,0.0011019045
76,0.0058793696
77,0.0057979072
78,0.004166069
79,0.0024358402
80,0.0019296996
81,0.0023071764
82,0.010878678
83,0.008964467
84,0.0106186
85,0.0043741297
86,0.010567036
87,0.0012042447
88,0.004354879
89,0.0068985047
90,0.0025566842
91,0.009749688
92,0.004723857
93,0.006912024
94,0.00462858
95,0.0078815045
96,0.0058871056
97,0.004936011
98,0.0017648581
99,0.008873396
100,0.014716182
101,0.011825545
102,0.0009771003
103,0.012483075
1,0.0047614044
2,0.006949549
3,0.005563542
4,0.00722581
5,0.0100329155
6,0.0045837294
7,0.0040458757
8,0.005885789
9,0.004753897
10,0.005771562
11,0.0061021848
12,0.004662657
13,0.005927454
14,0.0062745344
15,0.0036200066
16,0.011764837
17,0.008299764
18,0.0068600215
19,0.004174263
20,0.009840842
21,0.01901601
22,0.0059723477
23,0.003913252
24,0.0020348846
25,0.009819552
26,0.008869656
27,0.006194873
28,0.0050087734
29,0.005407859
30,0.0037745675
31,0.0077950475
32,0.0024338777
33,0.003522777
34,0.0045416127
35,0.008200462
36,0.008352227
37,0.006834482
38,0.0072629466
39,0.006426206
40,0.0053430977
41,0.0014414806
42,0.0017878141
43,0.008545607
44,0.011319968
45,0.0046998668
46,0.009189584
47,0.0054735653
48,0.012753394
49,0.0016450724
50,0.0011736426
51,0.004470018
52,0.0026005392
53,0.0035408563
54,0.001070481
55,0.0056751873
56,0.0036987623
57,0.0078049353
58,0.009281607
59,0.0032138997
60,0.004440377
61,0.007022963
62,0.005988635
63,0.005036461
64,0.007681275
65,0.008171512
66,0.0045235124
67,0.0051536974
68,0.0021806702
69,0.006444181
70,0.007680413
71,0.013864736
72,0.0043995916
73,0.0047814692
74,0.011279625
75,0.004615267
76,0.008982784
77,0.009941458
78,0.007185796
79,0.0061121807
80,0.006835078
81,0.00089937256
82,0.0056254664
83,0.0073875594
84,0.006017441
85,0.008711903
86,0.010216186
87,0.00469006
88,0.005731982
89,0.0033203985
90,0.006333253
91,0.008431948
92,0.0017101858
93,0.0054159313
94,0.0072136377
95,0.0052958103
96,0.008156743
97,0.0005669857
98,0.0055648554
99,0.0020960409
100,0.0053504147
101,0.0019821948
102,0.006147099
103,0.00046443957
1,0.0011721823
2,0.015725598
3,0.0037043002
4,0.0050839786
5,0.0055077565
6,0.0051856874
7,0.008176685
8,0.0048205373
9,0.00085501245
10,0.0051979204
11,0.005299787
12,0.00080048176
13,0.006276969
14,0.01217574
15,0.002533791
16,0.010946241
17,0.005495728
18,0.00430843
19,0.0064306296
20,0.0053459117
21,0.0023404968
22,0.004958659
23,0.009636039
24,0.007119792
25,0.007003112
26,0.002006105
27,0.006381698
28,0.00570644
29,0.005578697
30,0.0021119453
31,0.008631894
32,0.002874308
33,0.0148743745
34,0.007193322
35,0.0058058933
36,0.0026432623
37,0.014297311
38,0.0035865945
39,0.0046114195
40,0.0031184813
41,0.0054902416
42,0.0037429815
43,0.0069359066
44,0.0033404117
45,0.00430286
46,0.008123419
47,0.008551997
48,0.004210683
49,0.00403505
50,0.003913673
51,0.0072717364
52,0.0032728536
53,0.007207858
54,0.008338425
55,0.005950792
56,0.006732089
57,0.004176719
58,0.0051264577
59,0.004654452
60,0.011963358
61,0.009890416
62,0.006945622
63,0.0019942438
64,0.0038276722
65,0.010034972
66,0.003154589
67,0.007488978
68,0.0034533653
69,0.006830972
70,0.007427489
71,0.0028784084
72,0.0035520836
73,0.0053951372
74,0.0069224783
75,0.0039593163
76,0.0031019635
77,0.0042299586
78,0.0032797335
79,0.0058616498
80,0.0063492167
81,0.010023767
82,0.0034009977
83,0.0043490403
84,0.0031045817
85,0.0042153383
86,0.007949975
87,0.0026643074
88,0.0071871374
89,0.004506108
90,0.006391326
91,0.005806076
92,0.008604592
93,0.0038394704
94,0.012996145
95,0.0038072513
96,0.006464499
97,0.0075389403
98,0.0067553027
99,0.0035165697
100,0.004268056
101,0.0027753357
102,0.006981237
103,0.003984445
1,0.003311572
2,0.0046649873
3,0.0032170655
4,0.005559666
5,0.008421655
6,0.0053658057
7,0.0059151757
8,0.0027185346
9,0.005370925
10,0.0016630426
11,0.0057677785
12,0.008505486
13,0.004019513
14,0.009436059
15,0.0016615482
16,0.012841003
17,0.003812419
18,0.004710267
19,0.0010591744
20,0.0025749132
21,0.00034416773
22,0.003910143
23,0.0046486733
24,0.0011325518
25,0.0034247192
26,0.004789326
27,0.005555077
28,0.004085769
29,0.003312218
30,0.006841356
31,0.013229879
32,0.0069274716
33,0.004056976
34,0.005693124
35,0.0036240835
36,0.008290376
37,0.008537593
38,0.004511888
39,0.00066468096
40,0.008768657
41,0.004578686
42,0.007768686
43,0.0027449527
44,0.0024766976
45,0.013562937
46,0.0051358487
47,0.006647321
48,0.009837848
49,0.0025746238
50,0.007934879
51,0.004189088
52,0.007267202
53,0.0037327006
54,0.0037126625
55,0.0040745414
56,0.0031006283
57,0.0063539827
58,0.0018615149
59,0.0028738915
60,0.010321605
61,0.0011536279
62,0.00825102
63,0.008759634
64,0.0053710085
65,0.009491267
66,0.004801561
67,0.0030523897
68,0.0056093987
69,0.0070231077
70,0.0005962585
71,0.007903771
72,0.004276738
73,0.0035136135
74,0.003214589
75,0.00067486084
76,0.010024561
77,0.005261442
78,0.009791312
79,0.007644192
80,0.009281
81,0.004576718
82,0.005408202
83,0.0034692967
84,0.008876437
85,0.005417321
86,0.0051110154
87,0.006777947
88,0.005633919
89,0.0055369977
90,0.003932033
91,0.004688395
92,0.006910431
93,0.010114441
94,0.0026523964
95,0.0030625495
96,0.005555114
97,0.0053188507
98,0.008928072
99,0.0059309686
100,0.0021661469
101,0.0046221265
102,0.0028840096
103,0.0042640553
1,0.0033166963
2,0.007447992
3,0.0041796817
4,0.0032914842
5,0.0067518796
6,0.0037731775
7,0.004786269
8,0.0038163343
9,0.006949673
10,0.005016793
11,0.0039994116
12,0.006432705
13,0.0017888842
14,0.0021023727
15,0.002625965
16,0.008663966
17,0.004701774
18,0.0064247297
19,0.0052408674
20,0.0023168223
21,0.0056700716
22,0.007206823
23,0.004464736
24,0.0040992484
25,0.0052272487
26,0.0040025073
27,0.006673814
28,0.0024715695
29,0.004409435
30,0.002579085
31,0.0025552118
32,0.0075455667
33,0.00596714
34,0.005916691
35,0.0031804917
36,0.008422314
37,0.0074765785
38,0.004687319
39,0.0015348304
40,0.007561761
41,0.005073734
42,0.004292827
43,0.0039078575
44,0.0047117285
45,0.0062649166
46,0.0029472432
47,0.0049107675
48,0.0045373635
49,0.0046934825
50,0.0039257025
51,0.0034186577
52,0.005868942
53,0.0021041846
54,0.0014744654
55,0.015240193
56,0.007833167
57,0.004427417
58,0.0069865645
59,0.008040817
60,0.008438904
61,0.0058877054
62,0.0045811697
63,0.0048656827
64,0.004124128
65,0.0069535295
66,0.004005779
67,0.00496053
68,0.0075305635
69,0.0027116435
70,0.0052513937
71,0.010730847
72,0.0025491917
73,0.004599883
74,0.003491928
75,0.00673365
76,0.0010878325
77,0.007036122
78,0.005532202
79,0.0066106506
80,0.0026045113
81,0.007008675
82,0.0031563574
83,0.0023957514
84,0.0037174001
85,0.00763999
86,0.0040808604
87,0.0076411986
88,0.0062281694
89,0.004713573
90,0.003147256
91,0.0110830795
92,0.0005108319
93,0.003827801
94,0.00062798656
95,0.0068926224
96,0.0072995387
97,0.00344258
98,0.0032278562
99,0.0021721672
100,0.0016830893
101,0.010181589
102,0.0009923616
103,0.0044158134
1,0.0029625937
2,0.0014780891
3,0.0062333313
4,0.004678783
5,0.0066281757
6,0.004103181
7,0.008903511
8,0.004969788
9,0.011048249
10,0.0049933903
11,0.0043288027
12,0.0019496845
13,0.0024844848
14,0.0031593174
15,0.0040869294
16,0.0048635704
17,0.006191999
18,0.0018326177
19,0.0056665163
20,0.0045098113
21,0.006349749
22,0.0013145698
23,0.0032929832
24,0.003729294
25,0.007696929
26,0.0045941533
27,0.004521768
28,0.006434313
29,0.0037524037
30,0.005983414
31,0.0033734948
32,0.0037254153
33,0.0005338781
34,0.0056826184
35,0.005530387
36,0.0074758474
37,0.002111596
38,0.005390739
39,0.005418914
40,0.0023555714
41,0.0024401403
42,0.007994288
43,0.008512086
44,0.0012425729
45,0.0050408537
46,0.003451112
47,0.009500408
48,0.0053231753
49,0.003906971
50,0.012836473
51,0.0045459215
52,0.0049791904
53,0.0046096304
54,0.001480988
55,0.0026421996
56,0.0024369273
57,0.0044002472
58,0.006205556
59,0.002046119
60,0.0051968032
61,0.005984964
62,0.0049155937
63,0.0050013033
64,0.008397004
65,0.0010890897
66,0.0017993591
67,0.002053841
68,0.003094167
69,0.009959148
70,0.00241984
71,0.0051002875
72,0.00346595
73,0.0062985285
74,0.0045727645
75,0.007919276
76,0.0040642894
77,0.0055261687
78,0.0068924893
79,0.002919096
80,0.009604007
81,0.0037433773
82,0.0050351806
83,0.004333611
84,0.0036517638
85,0.0050500548
86,0.0018512072
87,0.00492192
88,0.0071558575
89,0.0030574405
90,0.006079001
91,0.0020594534
92,0.00685657
93,0.0036685148
94,0.002691484
95,0.002368863
96,0.008053893
97,0.0037209764
98,0.0014305533
99,0.0007630653
100,0.004207068
101,0.006593159
102,0.010667847
103,0.0068092635
1,0.0024175823
2,0.0041515855
3,0.0026724623
4,0.0090111755
5,0.0070761195
6,0.005528629
7,0.0033901788
8,0.003469409
9,0.0057784654
10,0.004922357
11,0.008085178
12,0.0033417803
13,0.0073521044
14,0.004350264
15,0.0029769836
16,0.006039998
17,0.0061040246
18,0.0028344088
19,0.002011251
20,0.0045212684
21,0.0071046436
22,0.0026442439
23,0.008748141
24,0.0033768327
25,0.0042554955
26,0.004834659
27,0.0017270321
28,0.0036152066
29,0.011312435
30,0.0036754326
31,0.0039490787
32,0.0032044426
33,0.012747814
34,0.003221377
35,0.004797909
36,0.005394114
37,0.004207176
38,0.005122739
39,0.009746223
40,0.0036643136
41,0.008949229
42,0.0052297455
43,0.0018062228
44,0.0010251786
45,0.0038482477
46,0.0027937426
47,0.00055148685
48,0.0011617464
49,0.00846768
50,0.0060315924
51,0.0038085335
52,0.0076475013
53,0.008204271
54,0.004338359
55,0.006531054
56,0.009641027
57,0.012551003
58,0.0044570854
59,0.008362979
60,0.0073571685
61,0.0035050246
62,0.008687098
63,0.004291193
64,0.0033977183
65,0.006242453
66,0.0066078464
67,0.0051351744
68,0.005473605
69,0.0041801305
70,0.0055981274
71,0.0077411043
72,0.0053664716
73,0.0099840155
74,0.01220215
75,0.008513509
76,0.006031654
77,0.00652979
78,0.004185864
79,0.0055067735
80,0.0027645633
81,0.00826071
82,0.004567734
83,0.005791563
84,0.0037777508
85,0.007911874
86,0.0027815893
87,0.0055993944
88,0.0049107987
89,0.009575183
90,0.005041305
91,0.0052816635
92,0.0021154385
93,0.0065043056
94,0.006457607
95,0.0136440005
96,0.00613226
97,0.0025166746
98,0.000766464
99,0.0022038876
100,0.004510727
101,0.0035326525
102,0.006088485
103,0.0048010563
1,0.0025896751
2,0.004422544
3,0.005632101
4,0.002961623
5,0.002202617
6,0.0041518677
7,0.002013161
8,0.0033042938
9,0.0033793135
10,0.0046024336
11,0.0040647285
12,0.012352463
13,0.0030496176
14,0.0019844275
15,0.003095485
16,0.00502817
17,0.0028398861
18,0.0016598003
19,0.0101226475
20,0.0027594313
21,0.00046224135
22,0.0048647663
23,0.005838547
24,0.0034686122
25,0.0016429882
26,0.010902357
27,0.0026218316
28,0.0014980362
29,0.005790113
30,0.0017083781
31,0.0044234255
32,0.0036367825
33,0.0025980999
34,0.006381815
35,0.0039680614
36,0.00081313134
37,0.0047797784
38,0.007630049
39,0.0036567552
40,0.0053973077
41,0.0032105057
42,0.0049162717
43,0.002240771
44,0.001999643
45,0.004367479
46,0.008024537
47,0.004672477
48,0.0014125005
49,0.011130283
50,0.0024556355
51,0.004472688
52,0.0046396824
53,0.012725858
54,0.005081113
55,0.007830949
56,0.012863965
57,0.002933091
58,0.014790498
59,0.004780024
60,0.0048925006
61,0.00861463
62,0.003464687
63,0.0051224697
64,0.0074503375
65,0.006650873
66,0.0026907802
67,0.003896158
68,0.007513027
69,0.0009884621
70,0.001988173
71,0.00425974
72,0.0035376344
73,0.0043621617
74,0.0016384075
75,0.0066773286
76,0.0038349044
77,0.0092557045
78,0.0030315174
79,0.0027663524
80,0.0058147474
81,0.004998416
82,0.0052034417
83,0.006942782
84,0.0070539336
85,0.005046046
86,0.002958482
87,0.0033816025
88,0.0071814796
89,0.0021486827
90,0.006627404
91,0.00564909
92,0.006423513
93,0.0024159313
94,0.0065622143
95,0.007877309
96,0.0052894596
97,0.0017470497
98,0.008092095
99,0.0064010485
100,0.004204208
101,0.0033084666
102,0.0024942642
103,0.0031358977
1,0.0016489519
2,0.006696734
3,0.0031524769
4,0.0025760592
5,0.0031645305
6,0.008878819
7,0.0028399066
8,0.0012879387
9,0.005791363
10,0.003754403
11,0.003482886
12,0.004313875
13,0.0066883024
14,0.008275146
15,0.005917653
16,0.004008543
17,0.0021942887
18,0.005528774
19,0.0037083458
20,0.0052722986
21,0.010069374
22,0.004622868
23,0.0041687833
24,0.00085712055
25,0.0077249883
26,0.0024123748
27,0.0075344592
28,0.0015509577
29,0.00110831
30,0.0025103863
31,0.009556569
32,0.0068382085
33,0.007300573
34,0.0026518453
35,0.0033030345
36,0.006524788
37,0.005970663
38,0.003110171
39,0.002074225
40,0.008757497
41,0.0045368983
42,0.006020976
43,0.0047688955
44,0.0006140612
45,0.0022143128
46,0.0066341804
47,0.0040612286
48,0.0015567567
49,0.0008921604
50,0.0034582526
51,0.005842626
52,0.004634414
53,0.003361281
54,0.0027942706
55,0.006400154
56,0.0053592934
57,0.0031982723
58,0.0035335568
59,0.0030524535
60,0.010359832
61,0.003040962
62,0.0061263996
63,0.0054480857
64,0.0029407486
65,0.0032948263
66,0.00268066
67,0.005534493
68,0.011117745
69,0.007087365
70,0.0044160048
71,0.0037056864
72,0.0025127206
73,0.0047002225
74,0.007261384
75,0.0009294563
76,0.0060887476
77,0.005014878
78,0.005667528
79,0.007206199
80,0.0052359276
81,0.004847332
82,0.0028392188
83,0.00357569
84,0.0024953503
85,0.006895843
86,0.0051803705
87,0.0054350607
88,0.005187224
89,0.0025964566
90,0.0040975106
91,0.0021571175
92,0.011124314
93,0.0047251624
94,0.0030059104
95,0.004071503
96,0.0005842658
97,0.004307367
98,0.0039262264
99,0.0016317893
100,0.0067570284
101,0.008605879
102,0.0051422664
103,0.00717203
1,0.004340591
2,0.005705545
3,0.006082284
4,0.0015812728
5,0.010539389
6,0.0061949263
7,0.002657814
8,0.001222878
9,0.003256118
10,0.0030237145
11,0.0017717308
12,0.0022622922
13,0.0036903447
14,0.00443287
15,0.0025460033
16,0.003177127
17,0.0063208533
18,0.003671868
19,0.007206528
20,0.007107964
21,0.001358114
22,0.0056282263
23,0.0038084008
24,0.0014486533
25,0.002336103
26,0.007991483
27,0.003052934
28,0.0084300125
29,0.0037078885
30,0.0060145184
31,0.0018985114
32,0.0036074698
33,0.004620386
34,0.007881361
35,0.004378256
36,0.00073291815
37,0.002921664
38,0.0022087086
39,0.0044879336
40,0.004171586
41,0.005326017
42,0.005577905
43,0.0030253048
44,0.0032456436
45,0.004494076
46,0.005423778
47,0.00525063
48,0.003954539
49,0.0057659363
50,0.0039826287
51,0.0028139378
52,0.0049202447
53,0.006357074
54,0.001985728
55,0.0045045502
56,0.00097052025
57,0.005003879
58,0.00348477
59,0.0032571827
60,0.003260134
61,0.0071304385
62,0.005564165
63,0.0045524966
64,0.0047361073
65,0.0040387707
66,0.00317447
67,0.004172764
68,0.0032950868
69,0.011070523
70,0.008434155
71,0.0053796666
72,0.0043102265
73,0.001566037
74,0.010168413
75,0.00441176
76,0.008283249
77,0.0052343938
78,0.0057133012
79,0.0044268146
80,0.0017024623
81,0.0073204488
82,0.005165793
83,0.005831625
84,0.005487022
85,0.009990657
86,0.0018542248
87,0.0061993347
88,0.0013701032
89,0.00436601
90,0.0035365575
91,0.0049029575
92,0.003055448
93,0.004624275
94,0.0020620127
95,0.0021843996
96,0.0034768549
97,0.0021444375
98,0.0041785366
99,0.0074271834
100,0.007173134
101,0.005904762
102,0.003309255
103,0.0046893586
1,0.002335122
2,0.00080697046
3,0.0022585127
4,0.0032615452
5,0.0036002407
6,0.0039665857
7,0.005789108
8,0.0022641446
9,0.006337092
10,0.0046690404
11,0.0033143058
12,0.0020624904
13,0.003439662
14,0.0042083394
15,0.006317063
16,0.0057898597
17,0.0026994229
18,0.0009393058
19,0.0026016454
20,0.0042711217
21,0.0040927175
22,0.0023577474
23,0.0038368476
24,0.0045778756
25,0.0046456913
26,0.0050380295
27,0.0008122402
28,0.0031248152
29,0.0025423458
30,0.0060131103
31,0.005095853
32,0.0049025062
33,0.0033847934
34,0.00551534
35,0.003350907
36,0.0037481445
37,0.0060004983
38,0.0023968576
39,0.0057078
40,0.0037768062
41,0.007901022
42,0.0041296654
43,0.0036463893
44,0.0043806215
45,0.012481597
46,0.005033034
47,0.009524346
48,0.0072473804
49,0.0009073681
50,0.0055994955
51,0.0056741103
52,0.003247878
53,0.0035807246
54,0.0057230685
55,0.0049152416
56,0.0037524286
57,0.0038532664
58,0.0029960747
59,0.005458981
60,0.007029668
61,0.004107604
62,0.007365644
63,0.0027024797
64,0.0053272364
65,0.008375939
66,0.0035376204
67,0.0030128662
68,0.0028184531
69,0.006109746
70,0.0024852725
71,0.005045006
72,0.0041814786
73,0.007778936
74,0.0045859935
75,0.003950745
76,0.0028004448
77,0.0031195837
78,0.0018824363
79,0.0073623275
80,0.005978213
81,0.0024700197
82,0.0051815095
83,0.0064227968
84,0.0074854037
85,0.003509028
86,0.0040195873
87,0.0027046585
88,0.0045571984
89,0.0037247431
90,0.004038187
91,0.0016976917
92,0.004630242
93,0.0034040238
94,0.004296633
95,0.0017056591
96,0.0028101176
97,0.005270625
98,0.0035759464
99,0.0024848848
100,0.003820844
101,0.0028954856
102,0.0007043923
103,0.0056382483
1,0.0037291637
2,0.00253518
3,0.0024661613
4,0.0040099206
5,0.003932873
6,0.0019530039
7,0.004834108
8,0.0031810293
9,0.0006536621
10,0.0028559219
11,0.0010241995
12,0.0020399403
13,0.007918102
14,0.0060658003
15,0.0030320259
16,0.013994925
17,0.003131653
18,0.0029232125
19,0.00441761
20,0.0020655594
21,0.0031360658
22,0.0051379944
23,0.004585992
24,0.0053217784
25,0.0029930132
26,0.005067928
27,0.0056269667
28,0.0031757085
29,0.0052240193
30,0.0012534048
31,0.003387913
32,0.001287954
33,0.0019570477
34,0.003881265
35,0.005077504
36,0.004494378
37,0.0039625205
38,0.001913796
39,0.0025438368
40,0.002297144
41,0.0035420402
42,0.0069492403
43,0.0033478315
44,0.0029488623
45,0.0044439486
46,0.008034868
47,0.0021312635
48,0.0031091135
49,0.0008063631
50,0.004936817
51,0.0006537914
52,0.002212978
53,0.0075227115
54,0.0043048277
55,0.0062328223
56,0.0025820918
57,0.0055540404
58,0.005516206
59,0.0066430485
60,0.0065471176
61,0.006643652
62,0.0067557357
63,0.0021398945
64,0.0028163637
65,0.0017549347
66,0.005901508
67,0.0033306514
68,0.008309112
69,0.0028542608
70,0.004651669
71,0.0046819863
72,0.0031484345
73,0.0028921608
74,0.0011365777
75,0.0043200455
76,0.0049534575
77,0.000590604
78,0.0065200855
79,0.004416698
80,0.0017656247
81,0.0027571856
82,0.000489175
83,0.008352635
84,0.0066542
85,0.0041127075
86,0.009137441
87,0.0045092893
88,0.014953464
89,0.004139633
90,0.0029886363
91,0.0030270128
92,0.0055080717
93,0.0038931605
94,0.0030038515
95,0.0066589084
96,0.0043076416
97,0.004839389
98,0.0026648578
99,0.004636241
100,0.004251975
101,0.0038320664
102,0.0026692946
103,0.00087136956
1,0.003966911
2,0.003713943
3,0.002483857
4,0.0017381477
5,0.0031993678
6,0.004803378
7,0.00255434
8,0.0016438898
9,0.0072470466
10,0.0063459845
11,0.0003811647
12,0.004077243
13,0.0019255996
14,0.0058129267
15,0.0038896552
16,0.005399757
17,0.004031179
18,0.002944969
19,0.0054589906
20,0.0027746311
21,0.0054902188
22,0.003199841
23,0.0010763388
24,0.0019080025
25,0.007467
26,0.002669216
27,0.008391392
28,0.0054150037
29,0.0019101228
30,0.006940438
31,0.0058223777
32,0.0013939021
33,0.0022587276
34,0.0053101815
35,0.0031341657
36,0.003983699
37,0.0032009876
38,0.0005183774
39,0.0059240176
40,0.0036578847
41,0.0040941034
42,0.0031191786
43,0.0031931682
44,0.0039461157
45,0.007449311
46,0.0023449096
47,0.0029981462
48,0.002646255
49,0.001639634
50,0.0049875057
51,0.0021579952
52,0.0022426373
53,0.0060511087
54,0.005512289
55,0.0023678008
56,0.0072044013
57,0.008347989
58,0.009096776
59,0.0055953395
60,0.004125428
61,0.005163831
62,0.004925684
63,0.002114848
64,0.004666406
65,0.0042210324
66,0.0041402197
67,0.004083158
68,0.004078151
69,0.0042802487
70,0.006434842
71,0.0038303395
72,0.0052923677
73,0.0069186627
74,0.0038910052
75,0.0032835265
76,0.003910956
77,0.0037884417
78,0.0015613699
79,0.004950444
80,0.0015766833
81,0.0063555758
82,0.0033466718
83,0.0071209786
84,0.0007246366
85,0.0018676725
86,0.0040519866
87,0.0021768094
88,0.003946423
89,0.0040784967
90,0.001832354
91,0.0053884145
92,0.002201113
93,0.0023737785
94,0.003527045
95,0.005117489
96,0.0060020117
97,0.004334805
98,0.0013283817
99,0.0039099404
100,0.0048604207
101,0.000802376
102,0.005949856
103,0.0043271715
1,0.004912052
2,0.0035164463
3,0.006157791
4,0.008728978
5,0.0018571261
6,0.0020334746
7,0.0031934762
8,0.0054599494
9,0.0073482585
10,0.00451779
11,0.00308023
12,0.003249043
13,0.0033034976
14,0.0029658221
15,0.007917965
16,0.0025932756
17,0.0031320392
18,0.0011369662
19,0.006472705
20,0.0018140175
21,0.0042205397
22,0.0052257315
23,0.0020424684
24,0.0035268676
25,0.004258508
26,0.0009122823
27,0.003812744
28,0.0036315522
29,0.007450871
30,0.009063839
31,0.001665686
32,0.001839362
33,0.003511811
34,0.0027364183
35,0.0042000813
36,0.001674906
37,0.0017250148
38,0.00650595
39,0.0010634393
40,0.0036405462
41,0.0026326638
42,0.0061242143
43,0.0030074902
44,0.003929245
45,0.003533013
46,0.007823903
47,0.0037673868
48,0.008259165
49,0.003617527
50,0.0037586654
51,0.0024940765
52,0.0035306816
53,0.0026291849
54,0.0021349536
55,0.0100161685
56,0.0029944382
57,0.002067585
58,0.004391525
59,0.0016349802
60,0.004259887
61,0.006141685
62,0.0026384164
63,0.004111304
64,0.0026903376
65,0.004698104
66,0.0031177402
67,0.0021557536
68,0.00400875
69,0.0032840462
70,0.0015929925
71,0.0058292393
72,0.0013716159
73,0.00402171
74,0.00527483
75,0.0007835966
76,0.008523716
77,0.0070358356
78,0.00321147
79,0.0054372116
80,0.003230689
81,0.005402668
82,0.0055311206
83,0.006154495
84,0.0047169034
85,0.0033674296
86,0.003719179
87,0.0017658244
88,0.0022819745
89,0.0059845755
90,0.0042073894
91,0.0049811103
92,0.0033382839
93,0.0009794739
94,0.0036512814
95,0.007850558
96,0.0029660475
97,0.0034636883
98,0.0017813974
99,0.0044346126
100,0.0019973738
101,0.0036438233
102,0.0025446436
103,0.0029676948
1,0.0032135043
2,0.0016401979
3,0.0014919332
4,0.008785967
5,0.0048042913
6,0.0025649846
7,0.0009311124
8,0.0046417573
9,0.0036875254
10,0.003675464
11,0.006128751
12,0.0008014697
13,0.0010314722
14,0.0010354122
15,0.0062861443
16,0.006557518
17,0.012403968
18,0.0036375914
19,0.0027825097
20,0.0041846214
21,0.0014527685
22,0.0042773806
23,0.002956155
24,0.003213765
25,0.006999689
26,0.0031180587
27,0.0030906769
28,0.0037875434
29,0.006827652
30,0.0052955747
31,0.0023502612
32,0.0049212193
33,0.0035563305
34,0.0036746082
35,0.0067293826
36,0.008075334
37,0.003035985
38,0.005866171
39,0.002527216
40,0.0056452183
41,0.001279234
42,0.0038468682
43,0.0025697916
44,0.0030743175
45,0.0043572476
46,0.0021963243
47,0.0061740214
48,0.0011969537
49,0.0043680607
50,0.007219109
51,0.005489835
52,0.0043246453
53,0.0065002013
54,0.0008231799
55,0.006040962
56,0.0027663761
57,0.0053305784
58,0.0040500755
59,0.003006061
60,0.0027408341
61,0.005078019
62,0.0035474587
63,0.0012617811
64,0.002058884
65,0.003038767
66,0.0014039248
67,0.0049152276
68,0.0041747047
69,0.0018366866
70,0.0031145108
71,0.0022694925
72,0.0028217814
73,0.009287439
74,0.0026282724
75,0.0012027653
76,0.0023602447
77,0.0033046028
78,0.0057076197
79,0.0039773863
80,0.005196912
81,0.007899481
82,0.003681748
83,0.005168655
84,0.0047606314
85,0.002388904
86,0.0035976465
87,0.0061348127
88,0.0026987866
89,0.0049877474
90,0.003888728
91,0.0041718315
92,0.001723911
93,0.004097614
94,0.004990942
95,0.0029482613
96,0.0038337582
97,0.004415077
98,0.0020184633
99,0.007589414
100,0.0040049013
101,0.0028901545
102,0.005103552
103,0.0060083885
1,0.003580802
2,0.0032438426
3,0.004056179
4,0.00761854
5,0.0030091202
6,0.003049462
7,0.0032431828
8,0.0044333623
9,0.0018228516
10,0.00086919864
11,0.009206796
12,0.009602891
13,0.0036055595
14,0.0033339476
15,0.004838632
16,0.0042835115
17,0.0004292953
18,0.005084799
19,0.0043500485
20,0.0046004234
21,0.0029464304
22,0.006073441
23,0.001957367
24,0.0067611584
25,0.004954239
26,0.0020040502
27,0.0058942717
28,0.0044830856
29,0.0018192149
30,0.0037318266
31,0.002670093
32,0.0027877865
33,0.004545988
34,0.005289158
35,0.007003156
36,0.007597555
37,0.0033247292
38,0.003499097
39,0.0057185916
40,0.0010367287
41,0.004017977
42,0.004667557
43,0.0053437077
44,0.004267443
45,0.0042742616
46,0.0025330677
47,0.005489296
48,0.0012841417
49,0.0015205498
50,0.0028373634
51,0.005087037
52,0.0015362327
53,0.0011707421
54,0.002032533
55,0.006272004
56,0.006066931
57,0.003911059
58,0.0026924105
59,0.006413196
60,0.0025841047
61,0.0014103082
62,0.0031970532
63,0.0044900426
64,0.007468318
65,0.0019934603
66,0.0033933246
67,0.0015691263
68,0.0026935423
69,0.0028589196
70,0.0032601084
71,0.0020428374
72,0.0032478657
73,0.0035724435
74,0.0035274145
75,0.004365409
76,0.0066106836
77,0.0015371952
78,0.0011434413
79,0.0058850236
80,0.0042048614
81,0.003236868
82,0.00478769
83,0.0036783027
84,0.0003021916
85,0.003916963
86,0.0010456912
87,0.0037299627
88,0.0017827109
89,0.0047000777
90,0.00466294
91,0.0051426985
92,0.0052545345
93,0.002722085
94,0.0005335233
95,0.0025501943
96,0.002267688
97,0.008165919
98,0.0039030276
99,0.0041458597
100,0.0035061017
101,0.0088137705
102,0.00050038286
103,0.0015740349
1,0.0029110708
2,0.001681471
3,0.0048571355
4,0.0024852466
5,0.0019469113
6,0.0037102825
7,0.007860976
8,0.0023185746
9,0.0028366256
10,0.0027216622
11,0.0028896465
12,0.0019131561
13,0.005857747
14,0.0023901425
15,0.0036173903
16,0.0008434789
17,0.0026161962
18,0.0037970266
19,0.0052072327
20,0.0022221128
21,0.0023171862
22,0.0022668527
23,0.0018767705
24,0.0035100775
25,0.006395384
26,0.0038876378
27,0.001787825
28,0.0010638819
29,0.00088815443
30,0.0016686406
31,0.002336512
32,0.0041185636
33,0.0035765087
34,0.004157918
35,0.0023293484
36,0.0022218665
37,0.00039261664
38,0.0029864784
39,0.00025041838
40,0.0033406387
41,0.0031114607
42,0.0009285503
43,0.00081331097
44,0.0036601843
45,0.0047546225
46,0.0022934845
47,0.0037031278
48,0.0014141833
49,0.0039214417
50,0.006217686
51,0.0030458972
52,0.004262775
53,0.0051614414
54,0.006268251
55,0.0033471375
56,0.0021126627
57,0.001796414
58,0.005094748
59,0.0021946235
60,0.0035177611
61,0.004319077
62,0.002954475
63,0.0022287357
64,0.003133822
65,0.0018349165
66,0.005784899
67,0.003689313
68,0.0047502588
69,0.0016992011
70,0.0031656125
71,0.002051028
72,0.005967812
73,0.0017453239
74,0.0028230823
75,0.0019474324
76,0.0046658297
77,0.0049030697
78,0.00527823
79,0.0030859527
80,0.0041638385
81,0.00050369586
82,0.004782254
83,0.0062456266
84,0.0014145772
85,0.003339905
86,0.00863562
87,0.0030938038
88,0.004039112
89,0.0031591475
90,0.00418632
91,0.003145002
92,0.006639658
93,0.0033708042
94,0.0025403588
95,0.002648462
96,0.0042810743
97,0.0045420607
98,0.0041561136
99,0.004634653
100,0.0051649446
101,0.007124059
102,0.003945896
103,0.009622323
